original_text,sampled_text,original_crits,sampled_crits,original_llm_likelihood,sampled_llm_likelihood
AI,AI,0.7488138675689697,0.7488138675689697,0.7488138675689697,0.7488138675689697
"Once there was a fluffy kitty with a penchant for playing with yarn. One day, the kitty stumbled upon a deceased mouse, promptly decided to relocate the mouse, and concluded its escapade.","Once there was a fluffy kitty with a penchant for playing with yarn. One day, the kitty stumbled upon a dead mouse, promptly decided to relocate the mouse, and concluded its escapade.",0.5070833563804626,0.46224507689476013,0.5070833563804626,0.46224507689476013
"In the story, a small kitten eagerly ventures outside to play, only to be startled by a passing car. Frightened, she returns indoors to seek comfort and solace with her mother. The tale concludes with the kitten finding safety and reassurance in her mother's embrace.","In the story, a small kittenish enthusiastically ventures outside to play, only to be startled by a passing car. Frightened, she returns indoors to seek comfort and solace with her mother. The tale concludes with the kitten finding safety and reassurance in her mother's embrace.",0.02153944782912731,0.009328428655862808,0.02153944782912731,0.009328428655862808
"Once there was a young boy named Timmy who cherished playing with a large brown box that had a lid he could open and close. One day, Timmy's mother surprised him with a new box, containing...","Once there was a young boy named Timmy who cherished playing with a large brown box that had a lid he could open and close. One day, Timmy's mother astonished him with a new box, containing...",0.17804177105426788,0.12376804649829865,0.17804177105426788,0.12376804649829865
"A little rat named Remy was delighted to find some delicious cheese one day. Eager to add to his stash, he searched around and discovered even more mouthwatering cheese. Overjoyed, Remy relished in the thought of having an abundance of delectable cheese to enjoy.","A little rodent named Remy was pleased to find some delicious cheese one day. Eager to add to his stash, he searched around and discovered even more mouthwatering cheese. Overjoyed, Remy relished in the thought of having an abundance of delectable cheese to enjoy.",0.15792612731456757,0.13863079249858856,0.15792612731456757,0.13863079249858856
"Once a lady ventured outdoors in the rain, resulting in a dampened state. Seeking refuge indoors, she settled in a chair to witness her umbrella twirl blissfully, eliciting joy within her. This simple act brought about contentment, concluding her rainy day tale.","Once a lady ventured outdoors in the rain, resulted in a dampened state. Seeking refuge indoors, she settled in a chair to witness her umbrella twirl blissfully, eliciting joy within her. This simple act brought about contentment, concluding her rainy day tale.",0.042382266372442245,0.0377265028655529,0.042382266372442245,0.0377265028655529
"A woman ventured outside during a rainy day without an umbrella, resulting in her getting wet. Disliking the feeling of being wet, she promptly returned indoors, shedding her damp attire for dry clothing. This simple act of changing into dry clothes enhanced her comfort and overall well-being.","A woman ventured outside during a rainy day without an umbrella, resulting in her getting wet. Disliking the feeling of being wet, she promptly returned indoors, shedding her damp attire for dry clothing. This simple act of changing into dry clothes enhanced her comfort and overall well-being.",0.002606572350487113,0.002606572350487113,0.002606572350487113,0.002606572350487113
"There was once a large boy named Tim who enjoyed playing outdoors in the sunshine. One day, he stumbled upon a decaying apple on the ground. Upon finding it unappetizing, he discarded it. The end.","There was once a large boy named Tim who enjoyed playing outdoors in the sunshine. One day, he stumbled upon a decayed apple on the ground. Upon finding it unappetizing, he discarded it. The end.",0.44186660647392273,0.3803567588329315,0.44186660647392273,0.3803567588329315
"A little girl once desired a box from the store and was elated when her mother purchased it for her. She spent the entire day playing with the box, bringing her joy and contentment. The story concludes with her happiness and satisfaction from her newfound possession.","A little girl once desired a box from the store and was elated when her mother purchased it for her. She spent the entire day playing with the box, bringing her joy and contentment. The story concludes with her happiness and satisfaction from her newfound possession.",0.5519179701805115,0.5519179701805115,0.5519179701805115,0.5519179701805115
"In a faraway land, lived a bald man who awoke abruptly one morning. Without hesitation, he rose from bed and gazed at his reflection in the mirror. Upon seeing his bald head, a smile crept upon his face, relishing in his baldness.","In a faraway land, lived a hairless man who awakened abruptly one morning. Without hesitation, he rose from bed and gazed at his reflection in the mirror. Upon seeing his bald head, a smile crept upon his face, relishing in his baldness.",0.05980989709496498,0.030695302411913872,0.05980989709496498,0.030695302411913872
"In the past, there existed an individual with an elongated vehicle. This person derived pleasure from navigating the rugged, rocky trail with his extended car.","In the past, there existed an individual with an elongated automobile. This person derived pleasure from navigating the rugged, rocky trail with his extended car.",0.3542281687259674,0.33467331528663635,0.3542281687259674,0.33467331528663635
"There was a renowned archer who had a passion for shooting arrows and practiced diligently every day. One day, he participated in a prestigious competition where he impressed the crowd with his remarkable shot that traveled a long distance. The spectators erupted into cheers as he emerged victorious, further solidifying his fame in the archery world. And so, the legendary archer's tale came to a triumphant end.","There was a famous archer who had a passion for shooting arrows and practiced diligently every day. One day, he participated in a prestigious competition where he impressed the crowd with his remarkable shot that traveled a long distance. The spectators erupted into cheers as he emerged victorious, further solidifying his fame in the archery world. And so, the legendary archer's tale came to a triumphant end.",0.30322542786598206,0.29561319947242737,0.30322542786598206,0.29561319947242737
"Once, a petite duck enjoyed wading in the mud. One day, it stumbled upon a vast puddle of mud, gleefully immersing itself and getting covered in dirt. The small duck relished its playtime in the mud.","Once, a petite duck enjoyed wading in the mud. One day, it stumbled upon a vast puddle of mud, delightedly immersing itself and getting covered in dirt. The small duck relished its playtime in the mud.",0.0915951207280159,0.08389595150947571,0.0915951207280159,0.08389595150947571
"In a whimsical tale, a clever cat enjoyed napping on a cozy bed until it spotted a quick mouse scurrying past. Hastily chasing the mouse away, the cat then resumed its peaceful slumber. And so, the story concludes.","In a whimsy tale, a clever cat enjoyed napping on a cozy bed until it spotted a quick mouse scurrying past. Hastily chasing the mouse away, the cat then resumed its peaceful slumber. And so, the story concludes.",0.031184833496809006,0.027424054220318794,0.031184833496809006,0.027424054220318794
"Once, a kitty with soft fur enjoyed playing with yarn. One day, the kitty discovered a lifeless mouse and kindly placed it outside. And so, the story of the kitty and the mouse came to a peaceful end.","Once, a kitty with soft fur enjoyed playing with yarn. One day, the kitty discovered a lifeless mouse and kindly placed it outside. And so, the story of the kitty and the mouse came to a peaceful end.",0.6700999736785889,0.6700999736785889,0.6700999736785889,0.6700999736785889
"In a remote old castle that stood tall and ancient, a young girl stumbled upon a fascinating discovery one day. Inside the castle, she came across a large pot filled with creamy, delectable goodness. Unable to resist, she indulged in some of the creamy delight, savoring its delicious taste.","In a remote old castle that stood tall and ancient, a young girl stumbled upon a intriguing discovery one day. Inside the castle, she came across a large pot filled with creamy, delectable goodness. Unable to resist, she indulged in some of the creamy delight, savoring its delicious taste.",0.3520141541957855,0.2596014738082886,0.3520141541957855,0.2596014738082886
"In a dense forest, a man encountered a menacing bear, prompting quick thinking to ensure his safety. With swift action, he ascended a nearby tree, escaping harm and concluding the encounter.","In a dense forest, a man encountered a menacing bear, prompting quick thinking to ensure his safety. With swift action, he ascended a nearby tree, escaping harm and concluding the encounter.",0.26188308000564575,0.26188308000564575,0.26188308000564575,0.26188308000564575
"In a vast, watery expanse, an octopus resided with its eight arms gliding gracefully through the ocean currents. One fateful day, the octopus stumbled upon a glistening rock, carefully placing it atop a pile of stones. Triumphantly, the octopus admired its creation, reveling in its accomplishment.","In a vast, watery expanse, an octopus resided with its eight arms gliding gracefully through the ocean currents. One fateful day, the octopus stumbled upon a glistening rock, carefully placing it atop a pile of stones. Victoriously, the octopus admired its creation, reveling in its accomplishment.",0.1653212308883667,0.14629662036895752,0.1653212308883667,0.14629662036895752
"Once, a large, furry dog enjoyed frolicking in the outdoor grass and one day, witnessed the breathtaking sunset, painting the sky in vibrant hues of orange and pink. Overwhelmed with joy, the dog barked joyfully and pranced around, displaying his love for the mesmerizing sunset.","Once, a large, furry dog enjoyed frolicking in the outdoor grass and one day, witnessed the breathtaking sunset, painting the sky in vibrant hues of orange and pink. Overwhelmed with joy, the dog barked joyfully and pranced around, displaying his love for the mesmerizing sunset.",0.3361404240131378,0.3361404240131378,0.3361404240131378,0.3361404240131378
"In a whimsical tale from yesteryears, a caring mother delighted in spending time with her young son, engaging in playful activities with balls, blocks, and dolls. Their shared joy was evident as they bonded over their games, with the mother finding immense happiness in their time together. The young boy reciprocated his mother's love wholeheartedly.","In a whimsy tale from yesteryears, a caring mother pleased in spending time with her young son, engaging in playful activities with balls, blocks, and dolls. Their shared joy was evident as they bonded over their games, with the mother finding immense happiness in their time together. The young boy reciprocated his mother's love wholeheartedly.",0.0442587248980999,0.016677657142281532,0.0442587248980999,0.016677657142281532
"Once in a forest, a bunny named Benny enjoyed daily jogs until he suddenly felt weak and fatigued one day. Unable to continue jogging, Benny sat down and observed a butterfly that inexplicably disappeared before his eyes, leaving him bewildered and puzzled about its sudden disappearance.","Once in a forest, a bunny named Benny enjoyed daily jogs until he suddenly felt weak and fatigued one day. Unable to continue jogging, Benny sat down and observed a butterfly that inexplicably disappeared before his eyes, leaving him bewildered and puzzled about its sudden disappearance.",0.02588586136698723,0.02588586136698723,0.02588586136698723,0.02588586136698723
"In a park, there stood a grand tree with sprawling branches and an abundance of lush leaves. One day, a young girl arrived at the park with her mother.","In a park, there stood a grand tree with sprawling branches and an abundance of lush leaves. One day, a young girl arrived at the park with her mother.",0.4464557468891144,0.4464557468891144,0.4464557468891144,0.4464557468891144
"A rat, feeling weary and dreary, sought a comfortable place to rest. Discovering a snug bed of hay, the rat nestled in and drifted into a peaceful slumber.","A rat, feeling weary and dreary, sought a comfortable place to rest. Discovering a snug bed of hay, the rat nestled in and drifted into a peaceful slumber.",0.06805384904146194,0.06805384904146194,0.06805384904146194,0.06805384904146194
"There was once a rabbit who was feeling very hot. Desiring to find a cool environment, he decided to visit a river. Upon arriving, he encountered birds singing melodies. The rabbit joined in the singing, experiencing both happiness and relief from the heat. And so, the rabbit found joy and comfort by the river, in the company of singing birds. The end.","There was once a bunny who was feeling very warm. Desiring to find a cool environment, he decided to visit a river. Upon arriving, he encountered birds singing melody. The rabbit joined in the singing, experiencing both happiness and relief from the heat. And so, the rabbit found joy and comfort by the river, in the company of singing birds. The end.",0.0029092777986079454,0.0013662406709045172,0.0029092777986079454,0.0013662406709045172
"In a quaint village, there resided a young girl with a pink bicycle, her prized possession. Delighted by the joy of riding around her home, she cherished every moment spent on her bicycle. One unfortunate day, a mishap occurred as she tumbled off her bike, resulting in a painful injury to her knee. Overwhelmed by tears and distress, her heartfelt cries echoed in the air until her mother appeared, embracing her in a warm hug. Comforted by her mother's presence, the girl found solace in the midst of her pain, gradually experiencing a sense of relief and reassurance.","In a quaintly village, there resided a young girl with a pink bicycle, her prized possession. Delighted by the joy of riding around her home, she cherished every moment spent on her bicycle. One unfortunate day, a mishap occurred as she tumbled off her bike, resulting in a painful injury to her knee. Overwhelmed by tears and distress, her heartfelt cries echoed in the air until her mother appeared, embracing her in a warm hug. Comforted by her mother's presence, the girl found solace in the midst of her pain, gradually experiencing a sense of relief and reassurance.",0.0007647426100447774,0.000732082175090909,0.0007647426100447774,0.000732082175090909
"In a serene well, resided a large green frog. Intrigued by the well's visitor, a young girl approached the frog one day. With smiles exchanged, a friendship blossomed, leading to playful moments shared between the two every day. And so, their heartwarming tale came to a close.","In a serene well, resided a large green frog. Intrigued by the well's visitor, a young girl approached the frog one day. With smiles exchanged, a friendship blossomed, leading to playful moments shared between the two every day. And so, their heartwarming tale came to a close.",0.13748538494110107,0.13748538494110107,0.13748538494110107,0.13748538494110107
"A little monkey, known for its love of climbing trees, encountered a dangerous hunter with a big gun. In a bid to evade the threat posed by the hunter, the monkey scaled higher until the danger had passed. And so, the monkey outwitted the hunter and emerged unscathed.","A little primate, known for its love of climbing trees, encountered a dangerous hunter with a big gun. In a bid to evade the threat posed by the hunter, the monkey scaled higher until the danger had passed. And so, the monkey outwitted the hunter and emerged unscathed.",0.10822610557079315,0.10219927877187729,0.10822610557079315,0.10219927877187729
"A cautious fox encountered a rabbit one day and joyfully engaged in playful activities with the newfound friend. Together, they shared moments of delight and enjoyment.","A cautious fox encountered a rabbit one day and joyfully engaged in playful activities with the newfound friend. Together, they shared moments of delight and enjoyment.",0.2284092754125595,0.2284092754125595,0.2284092754125595,0.2284092754125595
"In a distant land, there resided a bald man who found solace in sculpting clay. Despite initial setbacks with a large ball of clay crumbling, his persistence led to the creation of a small dog, bringing joy and contentment. And thus, with a smile, his artistic journey reached a satisfying end.","In a distant land, there resided a shaved man who found solace in sculpting clay. Despite beginning setbacks with a large ball of clay crumbling, his persistence led to the creation of a small dog, bringing joy and contentment. And thus, with a smile, his artistic journey reached a satisfying end.",0.03399402275681496,0.014876879751682281,0.03399402275681496,0.014876879751682281
"A beautiful flower once resided in the soil, nourished by rainwater to grow and flourish. With a heavy downpour, the flower absorbed the water and thrived, blossoming into a robust and vibrant plant. And so, the flower's story came to a satisfying conclusion.","A lovely flower once resided in the soil, nourished by rainwater to grow and flourish. With a heavy downpour, the flower absorbed the water and thrived, blossoming into a robust and vibrant plant. And so, the flower's story came to a satisfying conclusion.",0.5342503190040588,0.5129762887954712,0.5342503190040588,0.5129762887954712
"In a bustling game environment, multiple players engaged in a thrilling match. Among them, one player exhibited exceptional alertness, noticing the impending threat from the opposing team. Swiftly evading the oncoming attackers, he skillfully navigated through the field and successfully scored a goal. The spectators erupted in cheers and applause, celebrating his quick thinking and decisive action. And so, another victorious chapter in the game came to a close. The end.","In a bustling gameplay environment, multiple players engaged in a thrilling match. Among them, one player exhibited exceptional alertness, noticing the impending threat from the opposing team. Rapidly evading the oncoming attackers, he skillfully navigated through the field and successfully scored a goal. The spectators erupted in cheers and applause, celebrating his quick thinking and decisive action. And so, another victorious chapter in the game came to a close. The end.",0.2258213311433792,0.10950132459402084,0.2258213311433792,0.10950132459402084
"Once, a serene and content baby existed. Upon receiving a bottle of milk from their mommy, the baby consumed the milk, feeling satiated. With a smile upon their face, the baby peacefully drifted off to sleep, concluding the tale.","Once, a serene and content baby existed. Upon receiving a bottle of milk from their mommy, the baby consumed the milk, feeling satiated. With a smile upon their face, the baby peacefully drifted off to sleep, concluding the tale.",0.1000070795416832,0.1000070795416832,0.1000070795416832,0.1000070795416832
"Dave observed the pick and felt perplexed by its unfamiliarity. As he approached it, curiosity fueled his desire to explore further. Upon grasping the pick, he was pleasantly surprised by its texture and weight. Utilizing it to retrieve a toy from the ground, Dave's delight was evident as a smile brightened his face, content with his newfound tool.","Dave observed the pick and felt perplexed by its unfamiliarity. As he approached it, curiosity fueled his desire to explore further. Upon grasping the pick, he was pleasantly surprised by its texture and weight. Utilizing it to retrieve a toy from the ground, Dave's delight was evident as a smile brightened his face, content with his newfound tool.",0.014950007200241089,0.014950007200241089,0.014950007200241089,0.014950007200241089
"There once was a robot who was carefree and lacked caution. During a stroll in the park, he encountered a formidable bear, causing him to panic and be unable to evade the danger. Unfortunately, the bear caught him and met a tragic end.","There once was a robot who was carefree and lacked caution. During a stroll in the park, he encountered a formidable bear, causing him to panic and be unable to evade the danger. Unfortunately, the bear caught him and met a tragic end.",0.7178540229797363,0.7178540229797363,0.7178540229797363,0.7178540229797363
"Once, a mother and her adorable black baby were in a car. While driving, the mother had to yield to another car. Delighted, the baby clapped their hands in joy. And so, a heartwarming moment unfolded between the mother and child.","Once, a mother and her cute black baby were in a car. While driving, the mother had to yield to another car. Delighted, the baby clapped their hands in joy. And so, a heartwarming moment unfolded between the mother and child.",0.1863386183977127,0.14843334257602692,0.1863386183977127,0.14843334257602692
"In a serene pond, a graceful goose with sleek feathers enjoyed its solitary swim. When approached by an eager duck seeking companionship, the goose politely declined, choosing solitude over company. Disheartened, the duck retreated, leaving the goose to relish its peaceful swim alone. Such was the tale of the goose and the duck, a brief encounter ending in tranquil isolation.","In a serene pond, a graceful goose with sleek feathers enjoyed its solitude swim. When approached by an eager duck seeking companionship, the goose politely declined, choosing solitude over company. Disheartened, the duck retreated, leaving the goose to relish its peaceful swim alone. Such was the tale of the goose and the duck, a brief encounter ending in tranquil isolation.",0.0016774757532402873,0.0015459433197975159,0.0016774757532402873,0.0015459433197975159
"In a grassy field, a pale rabbit frolicked joyfully. Stumbling upon a large carrot during its skip, the rabbit's delight knew no bounds as it devoured the carrot before continuing its playful scamper. And so, the tale of the contented rabbit comes to a close.","In a grassy field, a pale rabbit frolicked joyfully. Stumbling upon a large carrot during its skip, the rabbit's delight knew no bounds as it devoured the carrot before continuing its playful scamper. And so, the tale of the contented rabbit comes to a close.",0.014789951033890247,0.014789951033890247,0.014789951033890247,0.014789951033890247
"A lively parade filled the streets as participants marched in colorful costumes and hats. Among the crowd, one individual even sported a large plate on their head! Delighted children watched from the sidelines, clapping and expressing their joy. The parade came to a cheerful conclusion, leaving a lasting impression on all who witnessed it.","A lively parade filled the streets as participants marched in colorful costumes and hats. Among the crowd, one individual even sported a large plate on their head! Thrilled children watched from the sidelines, clapping and expressing their joy. The parade came to a cheerful conclusion, leaving a lasting impression on all who witnessed it.",0.2777666449546814,0.24402977526187897,0.2777666449546814,0.24402977526187897
"In a vast field, a man with a large sack desired to paint it. With paint and a brush in hand, he began the task and transformed the sack into a beautiful sight.","In a vast field, a man with a large sack desired to paint it. With paint and a brush in hand, he began the task and transformed the sack into a beautiful sight.",0.3476620018482208,0.3476620018482208,0.3476620018482208,0.3476620018482208
"In a land far away, a young girl named Lily adored delving into books. One fateful day, she stumbled upon a peculiar book that demanded her immediate attention. Despite her trepidation, Lily complied and opened the book, only to be whisked away into a fantastical realm that filled her with joy and wonder.","In a land far away, a young girl named Lily adored delving into books. One fateful day, she stumbled upon a peculiar book that demanded her immediate attention. Despite her trepidation, Lily complied and opened the book, only to be whisked away into a fantastical realm that filled her with joy and wonder.",0.028579823672771454,0.028579823672771454,0.028579823672771454,0.028579823672771454
"At a grand parade, crowds of enthusiastic people gathered to witness the spectacle. The lively atmosphere was filled with the sound of a vibrant band playing music, complete with drums, trumpets, and various other instruments. The spectators enthusiastically moved and danced to the catchy tunes, creating an atmosphere of pure enjoyment and excitement.","At a grand procession, crowds of enthusiastic people gathered to witness the spectacle. The lively atmosphere was filled with the sound of a vibrant band playing music, complete with drums, trumpets, and various other instruments. The spectators enthusiastically moved and danced to the catchy tunes, creating an atmosphere of pure enjoyment and excitement.",0.7520895004272461,0.716305136680603,0.7520895004272461,0.716305136680603
"A tale of a large feline enjoying a playful moment with a string and a ring. The big cat stumbled upon a ring, linking it to the string and delighting in the playful interaction. The happy big cat cherished the moment, bringing joy to its day. The end.","A tale of a large feline enjoying a playful moment with a string and a ring. The big cat stumbled upon a ring, interlinking it to the string and delighting in the playful interaction. The happy big cat cherished the moment, bringing joy to its day. The end.",0.21480634808540344,0.1817307323217392,0.21480634808540344,0.1817307323217392
"Once, a swift and colorful train journeyed to a bustling station teeming with people. With its vibrant red and blue hues, the train sped through the serene and verdant countryside, only to mysteriously disappear into thin air!","Once, a swift and colorful train journeyed to a bustling station teeming with people. With its vibrant red and blue hues, the train sped through the serene and verdant countryside, only to mysteriously disappear into thin air!",0.5895969867706299,0.5895969867706299,0.5895969867706299,0.5895969867706299
"John searched high and low for a case, finally finding a small one that filled him with excitement. However, his joy turned to disappointment when he discovered the case was empty. John returned home feeling dejected and longing for something more fulfilling.","John sought elevated and low for a case, finally finding a small one that filled him with excitement. However, his joy turned to disappointment when he discovered the case was empty. John returned home feeling dejected and yearning for something more fulfilling.",0.34190627932548523,0.026067320257425308,0.34190627932548523,0.026067320257425308
"A car with four tires experienced a flat tire, causing it distress. The car then sought help from a mechanic who inflated the tire, restoring its functionality and bringing happiness to the car as it resumed its journey.","A automotive with four tires experienced a flat tire, causing it distress. The car then sought help from a mechanic who inflated the tire, restoring its functionality and bringing happiness to the car as it resumed its journey.",0.4899146556854248,0.3790205717086792,0.4899146556854248,0.3790205717086792
"A car, due to excessive speed, met with an unfortunate accident, rendering it irreparable. The driver, who never allowed anyone else to operate the vehicle, was left devastated by the loss.","A suv, due to excessive speed, met with an unfortunate accident, rendering it irreparable. The driver, who never allowed anyone else to operate the vehicle, was left devastated by the loss.",0.6958562135696411,0.5339187383651733,0.6958562135696411,0.5339187383651733
"In a lively stadium filled with enthusiastic spectators, one team emerged victorious after a thrilling match, evoking cheers and excitement from the crowd. The jubilant atmosphere resonated with revelry as the victorious team basked in their triumph, bringing an exhilarating conclusion to the event.","In a lively coliseum filled with enthusiastic spectators, one team emerged victorious after a thrilling match, evoking cheers and excitement from the crowd. The jubilant atmosphere resonated with revelry as the victorious team basked in their triumph, bringing an exhilarating conclusion to the event.",0.12421787530183792,0.10104842483997345,0.12421787530183792,0.10104842483997345
"Little Lily had a large boo-boo on her knee that was causing her immense pain, leaving her feeling very sad and tearful. Her mother comforted her by providing her with a","Little Lily had a large boo-boo on her knee that was causing her immense pain, exiting her feeling very sad and tearful. Her mother comforted her by providing her with a",0.2657400965690613,0.16099782288074493,0.2657400965690613,0.16099782288074493
"A beautiful swan resided in a vast lake, adorned with glistening white feathers. Yearning to soar through the skies, the swan gracefully spread its wings and ascended into the heavens, experiencing a newfound sense of joy and freedom.","A beautiful swan resided in a vast lake, adorned with glistening white feathers. Yearning to soar through the skies, the swan gracefully spread its wings and ascended into the heavens, experiencing a newfound sense of joy and freedom.",0.10087250918149948,0.10087250918149948,0.10087250918149948,0.10087250918149948
"Once upon a time, there existed a red ball with a grand aspiration to soar high into the sky and reach the clouds. The red ball was aware that achieving this feat would indeed be a remarkable accomplishment, as it meant transcending its current limitations and defying gravity itself.","Once upon a time, there existed a red ball with a grandiose aspiration to soar high into the sky and reach the clouds. The red ball was aware that achieving this feat would indeed be a remarkable accomplishment, as it meant transcending its current limitations and defying gravity itself.",0.15534529089927673,0.13876751065254211,0.15534529089927673,0.13876751065254211
"Once, a joyous parade of friends marched together, enjoying music played on a shiny, new trumpet. With laughter and camaraderie, they paraded in unison, creating a harmonious blend of music and friendship. And so, their day of celebration came to a delightful end.","Once, a joyous procession of friends marched together, enjoying music played on a shiny, new trumpet. With laughter and camaraderie, they paraded in unison, creating a harmonious blend of music and friendship. And so, their day of celebration came to a delightful end.",0.7844145894050598,0.7272048592567444,0.7844145894050598,0.7272048592567444
"Once in a large tree, there resided a contemplative raven.","Once in a large tree, there resided a contemplative raven.",0.368183434009552,0.368183434009552,0.368183434009552,0.368183434009552
"In a land far away, there resided a chubby feline that enjoyed frolicking with a discarded bin. Upon discovering a toy within the bin one fateful day, the cat's excitement knew no bounds as he indulged in play for hours on end. The cat's joy knew no bounds, bringing a contented conclusion to his playful escapades.","In a land far away, there inhabited a chubby feline that enjoyed frolicking with a jettisoned bin. Upon discovering a toy within the bin one fateful day, the cat's excitement knew no bounds as he indulged in play for hours on end. The cat's joy knew no bounds, bringing a contented conclusion to his playful escapades.",0.076238714158535,0.060823239386081696,0.076238714158535,0.060823239386081696
"Once, there lived a man with a bald head who enjoyed sculpting with clay. After crafting a large ball that unfortunately crumbled, he persevered and successfully molded a small dog, filling him with joy and leaving a smile on his face. And so, his clay sculpting adventure came to a delightful end.","Once, there lived a man with a bald head who enjoyed sculpting with clay. After crafting a large ball that unfortunately crumbled, he persevered and successfully molded a small dog, filling him with joy and leaving a smile on his face. And so, his clay sculpting adventure came to a delightful end.",0.03228188678622246,0.03228188678622246,0.03228188678622246,0.03228188678622246
"Long ago, there existed a foolish little rabbit","Long ago, there existed a foolish little rabbit",0.4914894700050354,0.4914894700050354,0.4914894700050354,0.4914894700050354
"Once, a beautiful princess, fond of dancing and singing, stumbled upon a skeleton in the forest. Initially frightened, she quickly realized it was merely a tree marking and chuckled before resuming her joyful dance. And so, the princess continued her merriment with a heart full of laughter. The end.","Once, a beautiful princess, fond of dancing and singing, stumbled upon a skeleton in the forest. Initially frightened, she quickly realized it was merely a tree marking and chuckled before resuming her joyful dance. And so, the princess continued her merriment with a heart full of laughter. The end.",0.019595801830291748,0.019595801830291748,0.019595801830291748,0.019595801830291748
"A young girl named Lily, who adored playing outdoors, stumbled upon a large blue ladder one day. Upon climbing it, she discovered a beautiful flower at the top and plucked it joyfully, twirling around in sheer delight. Lily's heart was filled with happiness as she embraced the beauty of the moment.","A young girl named Lily, who adored playing outdoors, stumbled upon a large blue ladder one day. Upon climbing it, she discovered a beautiful flower at the top and plucked it blissfully, twirling around in sheer delight. Lily's heart was filled with happiness as she embraced the beauty of the moment.",0.03836469724774361,0.014147858135402203,0.03836469724774361,0.014147858135402203
"There was a man who owned a lengthy car and enjoyed driving it on a rugged trail scattered with rocks, bringing him joy and contentment during his rides.","There was a man who owned a lengthy car and enjoyed driving it on a rugged trail strewn with rocks, bringing him joy and contentment during his rides.",0.6081957817077637,0.5780572295188904,0.6081957817077637,0.5780572295188904
"A cheerful young girl visited a park, where she engaged in play with a ball and ran around. As her friends joined her, they indulged in shared enjoyment, laughter, and merriment. However, their playtime was cut short when rain began to fall, prompting their return home, bringing an end to their delightful outing.","A cheerful young girl visited a park, where she engaged in play with a ball and ran around. As her friends joined her, they indulged in shared enjoyment, laughter, and merriment. However, their playtime was cut short when precipitation began to fall, prompting their return home, bringing an end to their delightful outing.",0.1730375736951828,0.06577687710523605,0.1730375736951828,0.06577687710523605
"Once, there lived a diligent man who toiled tirelessly day and night. Upon one fateful day, he indulged in a refreshing bath, using a fragrant soap that left him feeling content and immaculately clean.","Once, there lived a diligent man who toiled tirelessly day and night. Upon one fateful day, he indulged in a refreshing bath, using a fragrant soap that left him feeling content and immaculately clean.",0.128573477268219,0.128573477268219,0.128573477268219,0.128573477268219
"With politeness in mind, the snail was making its way across the road when a sudden loud noise interrupted its journey. A car, oblivious to the snail's presence, drove right over it, leaving the snail in its shell. And so, the snail's adventure came to an end.","With politeness in mind, the snail was making its way across the road when a sudden loud noise interrupted its journey. A car, oblivious to the snail's presence, drove right over it, leaving the snail in its shell. And so, the snail's adventure came to an end.",0.6042933464050293,0.6042933464050293,0.6042933464050293,0.6042933464050293
"In a quaint neighborhood, resided a young girl named Lily, who cherished spending her days frolicking in the park adjacent to her home.","In a quaint neighborhood, inhabited a young girl named Lily, who cherished spending her days frolicking in the park adjacent to her home.",0.24962174892425537,0.20844921469688416,0.24962174892425537,0.20844921469688416
"In a wintry setting, snow covered the ground, bringing with it frigid temperatures. The children, delighted by the snowy landscape, engaged in playful activities creating snowmen and engaging in snowball fights, using their mittens to craft the perfect snowballs. It was a joyful and carefree time for the children, filled with laughter and fun.","In a wintry setting, snow covered the ground, bringing with it frigid temperatures. The children, pleased by the snowy landscape, engaged in playful activities forming snowmen and engaging in snowball fights, using their mittens to craft the perfect snowballs. It was a joyful and carefree time for the children, filled with laughter and fun.",0.2553093433380127,0.07084333151578903,0.2553093433380127,0.07084333151578903
"A lively and joyous party was held, where friends gathered to celebrate and partake in games and merriment. Amidst the festivities, one exceptional friend showcased their prowess by emerging victorious in every game, eliciting joy and excitement among all attendees. To further enhance the jubilation, cake was shared and songs were sung, culminating in a memorable and delightful gathering.","A lively and joyous party was held, where friends gathered to celebrate and partake in games and merriment. Amidst the festivities, one exceptional friend showcased their prowess by emerging victorious in every game, eliciting joy and excitement among all attendees. To further enhance the jubilation, cake was shared and songs were sung, culminating in a memorable and delightful gathering.",0.02239917777478695,0.02239917777478695,0.02239917777478695,0.02239917777478695
"In a magical land, there resided a large elephant with a mighty thirst. Longing for a drink, the elephant made his way to a nearby tap. With a simple twist, water flowed out, and the elephant joyfully quenched his thirst. Satisfied and content, the elephant basked in the happiness of being replenished. And so, the story concludes with a fulfilled elephant and a heartwarming tale.","In a mystical land, there resided a large elephant with a mighty thirst. Longing for a drink, the elephant made his way to a nearby tap. With a simple twist, water flowed out, and the elephant joyfully quenched his thirst. Satisfied and content, the elephant basked in the happiness of being replenished. And so, the story concludes with a satisfied elephant and a heartwarming tale.",0.000902810541447252,0.0008675701101310551,0.000902810541447252,0.0008675701101310551
"In a distant land, a small otter resided near a chilly river. On a particular day, feeling parched, the otter made its way to the riverbank to quench its thirst. Delighted by the cold and revitalizing water, the little otter savored the refreshing drink, content with the moment.","In a distant land, a small otter inhabited near a cold river. On a particular day, feeling parched, the otter made its way to the riverbank to quench its thirst. Delighted by the cold and revitalizing water, the little otter savored the refreshing drink, content with the moment.",0.06614747643470764,0.052496667951345444,0.06614747643470764,0.052496667951345444
"In a whimsical tale, a silly monkey with a fondness for rice encounters a friend who generously gifts him a large bag of rice. Overjoyed by this unexpected gesture, the monkey expresses his gratitude through continuous nods of appreciation. And so, the simple yet heartwarming story concludes, highlighting the importance of kindness and friendship.","In a whimsical tale, a silly monkey with a fondness for rice encounters a friend who generously gifts him a large bag of rice. Overjoyed by this unexpected gesture, the monkey expresses his gratitude through continuous nods of appreciation. And so, the simple yet heartwarming story concludes, highlighting the importance of kindness and friendship.",0.017013125121593475,0.017013125121593475,0.017013125121593475,0.017013125121593475
"In a grand castle, a courageous queen resided with her companions. One day, a small bird visited the castle seeking company. Welcoming the bird with open arms, the queen and her friends engaged in joyful play and merriment. And so, they all lived happily ever after.","In a grand castle, a brave queen inhabited with her companions. One day, a small bird visited the castle seeking company. Welcoming the bird with open arms, the queen and her friends engaged in joyful play and merriment. And so, they all lived happily ever after.",0.1281888782978058,0.07259153574705124,0.1281888782978058,0.07259153574705124
"In a fairy tale land, resided a young girl named Lily, who cherished her beloved toy, Teddy. Teddy accompanied Lily on all her adventures, filling her heart with joy. During a playful outing at the park, Lily lost Teddy, prompting her to search diligently but alas, Teddy remained elusive.","In a fairy tale land, inhabited a young girl named Lily, who cherished her beloved toy, Teddy. Teddy accompanied Lily on all her adventures, filling her heart with joy. During a playful outing at the park, Lily lost Teddy, prompting her to search diligently but alas, Teddy remained elusive.",0.007159046828746796,0.005619503557682037,0.007159046828746796,0.005619503557682037
"Mama was engaged in cleaning activities, utilizing a large cord to shake and clean the room. By vigorously moving the cord back and forth, she successfully removed dirt from the room, resulting in a clean environment. Satisfied with her work, Mama stored the cord and exclaimed, ""Finished!""","Mama was engaged in cleaning activities, utilizing a large cable to shake and clean the room. By vigorously moving the cord back and forth, she successfully removed dirt from the room, resulting in a clean environment. Satisfied with her work, Mama stored the cord and exclaimed, ""Finished!""",0.010730261914432049,0.009653052315115929,0.010730261914432049,0.009653052315115929
"Once, a woman possessed a handy tissue that proved beneficial. One day, she experienced a tickle in her nose and released a sneeze. ""Achoo!"" echoed the room as she utilized the tissue to alleviate her nasal discomfort, feeling instant relief post-sneeze. The tale concludes with her contentment.","Once, a woman possessed a handy tissue that proved beneficial. One day, she experienced a tickle in her nose and released a sneeze. ""Achoo!"" echoed the room as she utilized the tissue to alleviate her nasal discomfort, feeling instant relief post-sneeze. The tale concludes with her contentment.",0.031120430678129196,0.031120430678129196,0.031120430678129196,0.031120430678129196
"Once there was a young boy named Timmy who accompanied his mother to the store. Enthralled by a ball in the shop, Timmy desired to purchase it. His mother highlighted its entertainment value, prompting Timmy's delight as he threw the ball into the air, relishing the joy it brought.","Once there was a young boy named Timmy who accompanied his mother to the store. Enthralled by a ball in the shop, Timmy desired to purchase it. His mother highlighted its entertainment value, prompting Timmy's delight as he threw the ball into the air, relishing the joy it brought.",0.05797826871275902,0.05797826871275902,0.05797826871275902,0.05797826871275902
"Bob was uneasy, knowing the task ahead would be challenging. With determination, he firmly gripped the rope and began exerting all his strength to complete the job. As he successfully finished the task, a smile spread across Bob's face, proud of his accomplishment.","Bob was uneasy, knowing the task ahead would be challenging. With determination, he firmly gripped the rope and began exerting all his strength to complete the job. As he succeeded finished the task, a smile spread across Bob's face, proud of his accomplishment.",0.16487593948841095,0.04274648427963257,0.16487593948841095,0.04274648427963257
"In a whimsical tale, a hungry monkey searched for a tasty banana until a generous man appeared with a shiny, yellow fruit, fulfilling the monkey's desire and bringing joy to the tale.","In a whimsy tale, a hungry monkey searched for a tasty banana until a generous man appeared with a shiny, yellow fruit, satisfying the monkey's desire and bringing joy to the tale.",0.1197153851389885,0.1030554324388504,0.1197153851389885,0.1030554324388504
"Long ago, a warm embrace enveloped a joyous occasion, igniting excitement among all present. Amidst the jubilation, one individual stood out, showering everyone with affectionate kisses. Grins spread across faces as they exclaimed, ""What a heartfelt embrace!""","Long ago, a warm embrace enveloped a joyous occasion, igniting excitement among all present. Amidst the jubilation, one individual stood out, showering everyone with affectionate kisses. Grins spread across faces as they exclaimed, ""What a heartfelt embrace!""",0.0628228485584259,0.0628228485584259,0.0628228485584259,0.0628228485584259
"Once, a duck was walking in the darkness when it was unexpectedly taken by a malefactor. The duck, overwhelmed with sadness and fear, never returned after being taken away. The tale concludes with the unfortunate disappearance of the duck at the hands of the wrongdoer.","Once, a duck was walking in the darkness when it was unexpectedly taken by a malefactor. The duck, overwhelmed with sadness and fear, never returned after being taken away. The tale concludes with the unfortunate disappear of the duck at the hands of the wrongdoer.",0.8849682807922363,0.7724045515060425,0.8849682807922363,0.7724045515060425
There was once a blue goat that enjoyed sliding down a hill for fun. The end.,There was once a turquoise goat that enjoyed sliding down a hill for fun. The end.,0.4946718215942383,0.4845380485057831,0.4946718215942383,0.4845380485057831
"In a far-off land, resided a peculiar horse named Tim. Tim stood out from the others for his unusual fondness for sitting, contrary to the running and playing antics of his fellow equines.","In a far-off land, inhabited a peculiar horse named Tim. Tim stood out from the others for his unusual fondness for sitting, contrary to the running and playing antics of his fellow equines.",0.04598163440823555,0.027651704847812653,0.04598163440823555,0.027651704847812653
"The loud missile, once powerful and dominant, became unhappy one day, and stopped abruptly. It stood tall amidst the quietness, pondering its existence.","The loud rocket, once powerful and dominant, became depressed one day, and stopped abruptly. It stood tall amidst the quietness, pondering its existence.",0.3379252552986145,0.24595977365970612,0.3379252552986145,0.24595977365970612
"Jimmy, feeling famished, set out on a quest to discover a delectable pastry. From dawn to dusk, he scoured for the perfect treat. After hours of searching, he stumbled upon one, only to be met with bitterness upon tasting it. Disheartened, Jimmy departed with a frown, his hunger still lingering.","Jimmy, feeling famished, set out on a quest to discover a delectable pastry. From sunrise to dusk, he scoured for the perfect treat. After hours of searching, he stumbled upon one, only to be met with bitterness upon tasting it. Disheartened, Jimmy departed with a frown, his hunger still lingering.",0.034224800765514374,0.0335724838078022,0.034224800765514374,0.0335724838078022
"In a realm of wonder, a young girl named Emma cherished blueberries, consuming them every morning without fail. One day, Emma's mother gifted her a bountiful basket of blueberries, bringing immense joy to the delighted girl. Savoring each blueberry, Emma reveled in her abundance and felt a sense of joy and contentment. And thus, the tale of Emma and her beloved blueberries came to a delightful end.","In a realm of wonder, a young girl named Emma cherished loganberries, consuming them every morning without fail. One day, Emma's mother gifted her a bountiful basket of blueberries, bringing immense joy to the delighted girl. Savoring each blueberry, Emma reveled in her abundance and felt a sense of joy and contentment. And thus, the tale of Emma and her beloved blueberries came to a delightful end.",0.09649327397346497,0.03867948055267334,0.09649327397346497,0.03867948055267334
"There was once a renowned individual who was beloved by many but lost it all one day, causing him great sorrow. Despite his fame, he was unable to retrieve the love that had slipped away, leading to a sense of loss and longing that persisted indefinitely. And so, he sadly never found love again. The end.","There was once a renowned individual who was beloved by many but lost it all one day, causing him great sorrow. Despite his fame, he was unable to retrieve the love that had slipped away, leading to a sense of loss and longing that persisted indefinitely. And so, he sadly never found love again. The end.",0.03324782848358154,0.03324782848358154,0.03324782848358154,0.03324782848358154
"A green plane soared through the sky, with the pilot spotting a cloud and daringly flying through it. As water began filling the interior of the plane, fear gripped the pilot. However, he skillfully guided the plane to a safe landing, averting disaster.","A green aircraft soared through the sky, with the pilot spotting a cloud and daringly flying through it. As water began filling the interior of the plane, phobia gripped the pilot. However, he masterfully guided the plane to a safe landing, averting disaster.",0.1311454027891159,0.06764030456542969,0.1311454027891159,0.06764030456542969
"A playful triangle was enjoying its day when it encountered a stop sign. Demonstrating good judgment, the triangle halted and carefully observed its surroundings before proceeding. The triangle's adventure concluded with a responsible decision, ensuring its safety.","A playful triangle was enjoying its day when it encountered a stop sign. Demonstrating good judgment, the triangle halted and carefully observed its surroundings before proceeding. The triangle's adventure concluded with a responsible decision, ensuring its safety.",0.14616040885448456,0.14616040885448456,0.14616040885448456,0.14616040885448456
"There was once a chubby cat that enjoyed spinning in circles. However, one day, the cat slipped on a slick floor and injured its leg, rendering it unable to spin any longer. This left the cat feeling very disheartened. The end.","There was once a chubby feline that enjoyed revolving in circles. However, one day, the cat slipped on a slick floor and injured its leg, rendering it unable to spin any longer. This left the cat feeling very disheartened. The end.",0.2004723846912384,0.05194658786058426,0.2004723846912384,0.05194658786058426
"A fat cat, fond of outdoor activities, ventured out for a walk one day. Unfortunately, the cat slipped on a banana peel, resulting in a fall that caused injury to its heel.","A obese cat, fond of outdoor activities, ventured out for a walk one day. Unfortunately, the cat slipped on a banana peel, resulting in a fall that caused injury to its foot.",0.27477341890335083,0.14950233697891235,0.27477341890335083,0.14950233697891235
"Once, a farmer owned a vast field and numerous animals. One fine day, the farmer resolved to construct a barn for his livestock.","Once, a farmer owned a vast field and numerous animals. One fine day, the farmer resolved to construct a barn for his livestock.",0.2954263687133789,0.2954263687133789,0.2954263687133789,0.2954263687133789
"Once, nestled in a tree, a small bird noticed an unusual occurrence. A grimy, red figure descended through the chimney, alarming the bird, causing it to swiftly take flight.","Once, nestled in a tree, a small bird noticed an unusual occurrence. A grimy, red figure descended through the chimney, alarming the bird, causing it to swiftly take flight.",0.20946383476257324,0.20946383476257324,0.20946383476257324,0.20946383476257324
"Once, a large turkey had aspirations to race against his companions. Together, they ventured to the fair for a friendly competition. Impressively, the turkey emerged victorious, showcasing his speed and agility. His friends celebrated his triumph, and together, they enjoyed a joyous time at the fair. And so, their day of camaraderie came to an end.","Once, a large turkey had ambition to race against his companions. Together, they ventured to the fair for a friendly competition. Fantastically, the turkey emerged victorious, showcasing his speed and agility. His friends celebrated his triumph, and together, they enjoyed a joyous time at the fair. And so, their day of camaraderie came to an end.",0.3361680507659912,0.20768338441848755,0.3361680507659912,0.20768338441848755
"Dave noticed the pick and felt puzzled by its unknown identity. Approaching it and handling it, he appreciated its tactile sensation and utilized it to retrieve a toy from the ground. Delighted by his new discovery, Dave expressed happiness through a smile, content with his newfound pick.","Dave noticed the pick and felt puzzled by its unknown identity. Approaching it and handling it, he appreciated its tactile sensation and utilized it to retrieve a toy from the ground. Delighted by his new discovery, Dave expressed happiness through a smile, content with his newfound pick.",0.019585469737648964,0.019585469737648964,0.019585469737648964,0.019585469737648964
"Once, a woman adored donning unique attire, leading her to a rainy stroll that left her drenched. Upon returning home, she swapped her soaked clothes for dry ones, instantly feeling refreshed. And so, the anecdote concludes.","Once, a woman adored donning unique attire, leading her to a downpour stroll that left her drenched. Upon returning home, she swapped her soaked clothes for dry ones, instantly feeling refreshed. And so, the anecdote concludes.",0.09855647385120392,0.08447136729955673,0.09855647385120392,0.08447136729955673
"Once, a small bug sought out juice to drink. The bug diligently searched the ground until it discovered a lovely flower filled with juice. After savoring the refreshing juice, the bug felt content and joyful. And so, the bug's quest for juice came to a delightful end.","Once, a small bug sought out juice to drink. The bug diligently searched the ground until it discovered a lovely flower filled with juice. After savoring the refreshing juice, the bug felt content and joyful. And so, the bug's quest for juice came to a delightful end.",0.043099720031023026,0.043099720031023026,0.043099720031023026,0.043099720031023026
"Mommy intended to cook but encountered a setback when she found the refrigerator broken. Unable to retrieve any ingredients, Daddy intervened, successfully repairing the refrigerator with a tool. With the refrigerator fixed, Mommy prepared a delightful dinner for the family, resulting in a joyous and satisfying meal that brought happiness to all.","Mommy intended to cook but encountered a setback when she found the refrigerator broken. Unable to retrieve any ingredients, Daddy intervened, successfully repairing the refrigerator with a tool. With the refrigerator fixed, Mommy prepared a delightful dinner for the family, resulting in a joyous and satisfying meal that brought happiness to all.",0.01732271909713745,0.01732271909713745,0.01732271909713745,0.01732271909713745
"One day, a woman walked into the room, exuding a sense of poise and elegance.","One day, a woman walked into the room, exuding a sense of poise and elegance.",0.4702518880367279,0.4702518880367279,0.4702518880367279,0.4702518880367279
"There was a red car that journeyed to a vast green field adorned with an array of flowers. Parking in the field, the driver alighted and settled into a seat, observing the birds soaring through the sky. The peaceful scene marked the end of the story.","There was a red car that journeyed to a vast green field adorned with an array of flowers. Parking in the field, the driver alighted and settled into a seat, observing the birds soaring through the sky. The peaceful scene marked the end of the story.",0.4020458161830902,0.4020458161830902,0.4020458161830902,0.4020458161830902
"Once, a lively mouse enjoyed frolicking in the fields until it encountered another mouse and engaged in a battle for a piece of cheese. Emerging victorious, the mouse claimed the cheese and concluded the tale.","Once, a lively mouse enjoyed frolicking in the fields until it encountered another mouse and engaged in a battle for a piece of cheese. Emerged victorious, the mouse claimed the cheese and concluded the tale.",0.15773221850395203,0.1430939882993698,0.15773221850395203,0.1430939882993698
"There was a large yellow car that traveled to the town in search of a parking spot. After exploring the town, the car eventually found a suitable place to park and was content to be parked there.","There was a large orange car that journeyed to the town in search of a parking spot. After exploring the town, the car eventually found a suitable place to park and was content to be parked there.",0.6565206050872803,0.42172592878341675,0.6565206050872803,0.42172592878341675
"There was a vibrant bird with red, blue, and yellow feathers that flew into a large steel cage, causing sadness and tears as it longed to soar freely once more.","There was a vibrant bird with red, blue, and yellow feathers that flew into a large steel cage, causing sadness and tears as it longed to soar freely once more.",0.11806491017341614,0.11806491017341614,0.11806491017341614,0.11806491017341614
"Once, a squirrel discovered a nut in a box and attempted to retrieve it. However, in its fervor to access the nut, the squirrel inadvertently damaged the box, resulting in an injury that prevented it from enjoying the treat. Ultimately, the squirrel's quest for the nut ended in disappointment.","Once, a squirrel discovered a nut in a box and attempted to retrieve it. However, in its fervor to access the nut, the squirrel inadvertently damaged the box, resulting in an injury that prevented it from enjoying the treat. Ultimately, the squirrel's quest for the nut ended in disappointment.",0.11858747154474258,0.11858747154474258,0.11858747154474258,0.11858747154474258
"In a small house resided a tall mouse who one day felt very thirsty. Seeking relief, the mouse ventured to the nearby river to procure a cup of water. Upon quenching its thirst, the mouse felt rejuvenated and content. And thus, the tale concludes.","In a small home resided a tall mouse who one day felt very thirsty. Seeking relief, the mouse ventured to the nearby river to procure a cup of water. Upon quenching its thirst, the mouse felt rejuvenated and content. And thus, the tale concludes.",0.03676455467939377,0.036258578300476074,0.03676455467939377,0.036258578300476074
There once existed a young girl named Lily who harbored a deep affection for fairies. She would,There once existed a young girl named Lily who harbored a deep affection for fairies. She would,0.36754706501960754,0.36754706501960754,0.36754706501960754,0.36754706501960754
